"Название ресурса","URL-адрес ресурса","Тематики ресурса","Тип ресурса","Данные Метрики","Посетители (кросс-девайс)","Посетители (браузер)","Среднее время","Доля пользователей приложения","Дневная аудитория"
"Яндекс — поисковая система и интернет-портал","yandex.ru","","Портал","да","660013","1418906","05:31:14","0.686840107653026","435569"
"Яндекс.Видео — поиск и просмотр видеороликов","yandex.ru/video","Развлечения и отдых->Фильмы онлайн, Развлечения и отдых","Видео","да","244794","412300","00:31:41","0.0","74428"
"Яндекс.Карты — выбирайте, где поесть, куда сходить, чем...","yandex.ru/maps","Справочные ресурсы, Транспорт, перевозки->Расписания транспорта, Справочные ресурсы->Расписания транспорта, Транспорт, перевозки, Справочные ресурсы->Карты и схемы, Путешествия","Сервисы","да","202536","315300","00:59:05","0.5462982948413555","61224"
"Яндекс.Метро — схемы метрополитена","metro.yandex.ru","Справочные ресурсы, Транспорт, перевозки, Транспорт, перевозки->Городской и пригородный транспорт, Справочные ресурсы->Карты и схемы","Сервисы","да","201044","247350","00:39:34","1.0","63016"
"«Avito.ru» — бесплатные объявления","avito.ru","Торговля","Агрегаторы","да","198420","304150","00:27:27","0.5764942016057092","58126"
"Дзен — сервис персональных рекомендаций","zen.yandex.ru","","Сообщества","да","155047","245900","01:06:10","0.437517551249649","51980"
"Яндекс.Маркет — выбор товаров и места их покупки","market.yandex.ru","Торговля","Агрегаторы","да","141104","210050","00:10:01","0.0","26460"
"Wi-fi.ru — информационно-развлекательный портал","wi-fi.ru","Новости и СМИ","Новости","да","135814","197850","01:03:24","0.0","55658"
"КиноПоиск.ru — портал о кино","kinopoisk.ru","Культура и искусство, Развлечения и отдых->Фильмы онлайн, Культура и искусство->Кино, Развлечения и отдых","Контентные проекты","да","121053","191000","00:10:58","0.1214915797914996","23814"
"«Пикабу.ру» — развлекательное сообщество","pikabu.ru","Развлечения и отдых","Сообщества","да","115868","178400","00:20:40","0.0","25712"
"«Авто.ру» — автомобильный портал","auto.ru","Авто и мото, Авто и мото->Продажа автомобилей и мотоциклов, Торговля->Продажа автомобилей и мотоциклов, Торговля","Агрегаторы","да","111926","172700","00:54:45","0.627677100494234","31890"
"Яндекс.Почта — бесплатная электронная почта","mail.yandex.ru","Техника и технологии, Техника и технологии->Интернет-сервисы","Сервисы","да","102907","181800","01:32:54","0.0","36993"
"Яндекс.Новости","news.yandex.ru","Новости и СМИ->Деловые новости, Бизнес, Новости и СМИ, Бизнес->Деловые новости","Агрегаторы","да","102066","168900","00:22:38","0.0","33566"
"Яндекс.Диск — хранение и обмен файлами","disk.yandex.ru","Техника и технологии, Техника и технологии->Интернет-сервисы","Сервисы","да","89570","146550","00:23:53","0.20230345518277415","17971"
"Яндекс.Музыка — поиск и прослушивание музыки","music.yandex.ru","Культура и искусство->Музыка, Культура и искусство, Развлечения и отдых, Развлечения и отдых->Музыка онлайн","Сервисы","да","80622","127450","03:33:48","0.4167121791370836","30402"
"FB.ru","fb.ru","Развлечения и отдых->Познавательно-развлекательные сайты, Развлечения и отдых","Контентные проекты","да","74681","104800","00:02:29","0.0","11228"
"Яндекс.Расписания","rasp.yandex.ru","Путешествия->Авиа и ж/д билеты, Путешествия","Сервисы","да","73806","99450","01:05:15","0.6901822457378013","24422"
"Яндекс.Переводчик — онлайн-переводчик","translate.yandex.ru","Техника и технологии, Техника и технологии->Интернет-сервисы","Сервисы","да","70317","99450","00:24:21","0.38640654499685334","17447"
"«РИА Новости» — информационное агентство","ria.ru","Новости и СМИ->Деловые новости, Бизнес, Новости и СМИ, Бизнес->Деловые новости","Новости","да","68399","96700","00:04:27","0.0","13728"
"«Живой Журнал» — сервис онлайн-дневников","livejournal.com","Развлечения и отдых","Сообщества","да","65837","91150","00:05:34","0.0","10989"
"Яндекс.Погода — прогноз погоды","yandex.ru/pogoda","Справочные ресурсы, Справочные ресурсы->Погода","Сервисы","да","65233","94300","00:02:31","0.0","16573"
"Рамблер — медийный портал","rambler.ru","","Портал","да","60718","84650","00:12:50","0.0","11579"
"«Lenta.ru» — интернет-газета","lenta.ru","Новости и СМИ","Новости","да","57825","78650","00:05:45","0.0","11175"
"«Комсомольская правда» — газета // WWW.KP.RU","kp.ru","Новости и СМИ, Новости и СМИ->Газеты, журналы","Новости","да","54531","76650","00:02:25","8.006405124099279E-4","7797"
"Drive2.ru — сообщество автовладельцев","drive2.ru","Авто и мото, Авто и мото->Автомобили","Сообщества","да","52702","79300","00:20:35","0.08261617900172118","11755"
"«Sports.ru» — спортивный портал","sports.ru","Спорт и активный образ жизни, Спорт и активный образ жизни->Футбол","Новости","да","43513","66300","00:44:54","0.2839506172839506","13403"
"Яндекс.Афиша — афиша мероприятий","afisha.yandex.ru","Развлечения и отдых, Развлечения и отдых->Афиша и продажа билетов","Сервисы","да","39182","54450","00:06:28","0.06726457399103139","6157"
"«Вести.ru» — интернет-канал","vesti.ru","Новости и СМИ, Новости и СМИ->Телевидение","Новости","да","39159","51500","00:02:14","0.0","6195"
"«РосБизнесКонсалтинг» — информационное агентство","rbc.ru","Новости и СМИ->Деловые новости, Бизнес, Новости и СМИ, Бизнес->Деловые новости","Новости","да","38640","53700","00:07:13","0.04555808656036446","7586"
"Найдем тех, кто даст ответы на ваши вопросы. Более 200...","thequestion.ru","Новости и СМИ","Сообщества","да","38413","54100","00:05:55","0.0","7475"
"4pda - мобильные устройства и технологии","4pda.ru","Техника и технологии, Техника и технологии->Мобильный контент","Контентные проекты","да","37564","56900","00:14:40","0.0","7411"
"Канобу - сайт про современные развлечения","kanobu.ru","Развлечения и отдых->Познавательно-развлекательные сайты, Развлечения и отдых","Контентные проекты","да","37539","54000","00:04:08","0.0","6533"
"«Едадил» — акции и скидки в магазинах","edadeal.ru","Торговля","Агрегаторы","да","36682","45850","00:18:44","0.9099415204678363","8397"
"Чемпионат.com: новости спорта - Чемпионат","championat.com","Спорт и активный образ жизни, Спорт и активный образ жизни->Футбол","Новости","да","36679","51500","00:20:14","0.0","7870"
"Рамблер.Новости","news.rambler.ru","Новости и СМИ, Новости и СМИ->Газеты, журналы","Новости","да","36227","48200","00:07:12","0.0","6152"
"Яндекс.Коллекции","yandex.ru/collections","","Сервисы","да","34757","46000","00:04:20","0.0","5683"
"«Газета.ru» — интернет-газета","gazeta.ru","Новости и СМИ, Новости и СМИ->Газеты, журналы","Новости","да","32845","44550","00:03:15","0.0","5409"
"Яндекс.Телепрограмма — программа телепередач","tv.yandex.ru","Развлечения и отдых","Сервисы","да","32568","47150","00:10:43","0.0","7595"
"Лучшие публикации за сутки / Хабр","habr.com","Техника и технологии, Техника и технологии->Программирование и разработка ПО","Сообщества","да","29773","44600","00:10:50","0.0","6490"
"«Russia Today» — телеканал","rt.com","Новости и СМИ->Деловые новости, Бизнес, Новости и СМИ, Бизнес->Деловые новости","Новости","да","29688","40950","00:02:56","0.0","5420"
"Московский Комсомолец (МК) — газета","mk.ru","Новости и СМИ->Деловые новости, Бизнес, Новости и СМИ, Бизнес->Деловые новости","Новости","да","28857","38150","00:02:59","0.0","4838"
"Форум программистов и сисадминов Киберфорум","cyberforum.ru","Техника и технологии, Техника и технологии->Программирование и разработка ПО","Сообщества","да","28114","46200","00:09:14","0.0","4855"
"Амальгама — лингво-лаборатория","amalgama-lab.com","Образование->Иностранные языки, Образование","Контентные проекты","да","27055","36650","00:03:28","0.0","4246"
"«Афиша» — культура и развлечения","afisha.ru","Развлечения и отдых, Развлечения и отдых->Афиша и продажа билетов","Сервисы","да","24900","33150","00:03:16","0.0","3584"
"«Gismeteo.ru» — прогноз погоды","gismeteo.ru","Справочные ресурсы, Справочные ресурсы->Погода","Сервисы","да","24238","33600","00:05:48","0.0","5417"
"«Life.ru» — информационный портал","life.ru","Новости и СМИ, Новости и СМИ->Газеты, журналы","Новости","да","24184","31450","00:02:58","0.0","3950"
"«Woman.ru» — всероссийский женский портал","woman.ru","Здоровье, красота, стиль, Здоровье, красота, стиль->Журналы о красоте и здоровье","Контентные проекты","да","23917","31700","00:02:15","0.0","3082"
"«Аргументы и факты» — газета | aif.ru","aif.ru","Новости и СМИ->Деловые новости, Бизнес, Новости и СМИ, Бизнес->Деловые новости","Новости","да","22754","28500","00:01:00","0.0","2900"
"«Известия.Ru» — ежедневная газета | IZ.RU","iz.ru","Новости и СМИ->Деловые новости, Бизнес, Новости и СМИ, Бизнес->Деловые новости","Новости","да","21439","28250","00:01:30","0.0","3217"
"«IRecommend.ru» — интернет-сервис обмена опытом","irecommend.ru","Справочные ресурсы","Сообщества","да","20226","26550","00:03:41","0.0","2668"
"Вокруг ТВ — портал о телевидении","vokrug.tv","Развлечения и отдых","Контентные проекты","да","19361","24500","00:01:12","0.0","2430"
"Коммерсантъ — издательский дом","kommersant.ru","Новости и СМИ, Новости и СМИ->Газеты, журналы","Новости","да","18383","24050","00:04:01","0.0","2781"
"КиберЛенинка предоставляет возможность читать тексты...","cyberleninka.ru","Образование->Учебно-методические материалы, Образование","Сервисы","да","17225","23200","00:05:13","0.0","2571"
"«The Village» — городская интернет-газета","the-village.ru","Новости и СМИ->Деловые новости, Бизнес, Новости и СМИ, Бизнес->Деловые новости","Новости","да","15060","19550","00:03:52","0.0","2482"
"«Спорт-экспресс» — спортивный портал","sport-express.ru","Спорт и активный образ жизни, Спорт и активный образ жизни->Футбол","Новости","да","14657","20050","00:17:14","0.02654867256637168","2868"
"Ростелеком - информационный портал об услугах доступа в интернет, Интерактивного ТВ и телефонной связи","rt.ru","Услуги","Представительства бизнесов и организаций","да","13704","18250","00:04:11","0.0","2026"
"Мужской журнал MAXIM Online. Официальный сайт...","maximonline.ru","Новости и СМИ, Новости и СМИ->Газеты, журналы","Контентные проекты","да","13215","17300","00:04:27","0.0","1888"
"«Кино-театр.ру» — портал о кино и театре","kino-teatr.ru","Культура и искусство, Культура и искусство->Кино","Новости","да","13188","16800","00:02:16","0.0","1751"
"«Wday.ru» — информационный женский портал","wday.ru","Здоровье, красота, стиль, Здоровье, красота, стиль->Журналы о красоте и здоровье","Контентные проекты","да","12766","16550","00:03:05","0.0","1645"
"Сравни.ру — выбор услуг банков и автострахования","sravni.ru","Финансы->Финансовые рынки, Финансы","Агрегаторы","да","12721","16100","00:01:55","0.0","1613"
"Читать мангу на Русском онлайн. Свежие переводы.","readmanga.me","Развлечения и отдых, Развлечения и отдых->Юмор и Комиксы","Контентные проекты","да","12595","20050","02:12:08","0.0","4429"
"«НТВ» — телекомпания","ntv.ru","Новости и СМИ, Новости и СМИ->Телевидение","Новости","да","12516","15700","00:02:39","0.028169014084507046","1714"
"Rlsnet.ru — энциклопедия лекарств","rlsnet.ru","Справочные ресурсы, Справочные ресурсы->Энциклопедии","Контентные проекты","да","12250","15750","00:03:47","0.0","1851"
"SYL.ru","syl.ru","Развлечения и отдых->Познавательно-развлекательные сайты, Развлечения и отдых","Контентные проекты","да","12235","15750","00:01:30","0.0","1521"
"«Cosmopolitan Россия» — женский журнал","cosmo.ru","Здоровье, красота, стиль, Здоровье, красота, стиль->Журналы о красоте и здоровье","Контентные проекты","да","11942","15750","00:01:53","0.0","1579"
"Яндекс.Район — не пропустите полезное рядом","yandex.ru/local","Справочные ресурсы, Справочные ресурсы->Карты и схемы","Сообщества","да","11936","15750","00:02:20","0.0","1756"
"Рамблер.Касса — продажа электронных билетов","kassa.rambler.ru","Развлечения и отдых, Развлечения и отдых->Афиша и продажа билетов","Сервисы","да","11697","15750","00:04:49","0.0","1596"
"Starhit.ru — портал о жизни звезд","starhit.ru","Новости и СМИ, Новости и СМИ->Газеты, журналы","Новости","да","11441","14400","00:02:04","0.0","1798"
"«Узнай все» — ежедневное электронное издание","uznayvse.ru","Развлечения и отдых->Познавательно-развлекательные сайты, Развлечения и отдых","Контентные проекты","да","11194","14400","00:01:54","0.0","1489"
"«Regnum» — федеральное информационное агентство","regnum.ru","Новости и СМИ->Деловые новости, Бизнес, Новости и СМИ, Бизнес->Деловые новости","Новости","да","10888","14200","00:01:36","0.0","1543"
"Женский журнал WomanAdvice.ru - советы на все случаи...","womanadvice.ru","Здоровье, красота, стиль, Здоровье, красота, стиль->Журналы о красоте и здоровье","Контентные проекты","да","10867","13650","00:02:43","0.0","1475"
"«Эхо Москвы» — радиостанция","echo.msk.ru","Новости и СМИ","Новости","да","10714","14400","00:08:35","0.0","1935"
"Яндекс.Недвижимость — система поиска недвижимости","realty.yandex.ru","Недвижимость, Недвижимость->Жилая недвижимость","Агрегаторы","да","10626","14600","00:15:28","0.24193548387096775","1628"
"Яндекс.Радио — музыкальный сервис","radio.yandex.ru","Развлечения и отдых, Развлечения и отдых->Музыка онлайн","Сервисы","да","10442","14650","03:46:59","0.5767634854771784","3699"
"Фильм Про — кинопортал","filmpro.ru","Развлечения и отдых->Фильмы онлайн, Развлечения и отдых","Видео","да","10110","13550","00:01:05","0.0","1252"
"MSN Россия | Новости, фото, погода, Skype и Outlook","msn.com","Новости и СМИ->Деловые новости, Бизнес, Новости и СМИ, Бизнес->Деловые новости","Новости","да","10048","13700","00:15:07","0.0","2443"
"«Звезда» — телерадиокомпания","tvzvezda.ru","Новости и СМИ, Новости и СМИ->Телевидение","Новости","да","9669","12600","00:01:45","0.0","1344"
"«7я.ру» — портал о детях и семье","7ya.ru","Семья и дети, Семья и дети->Развитие и воспитание детей","Контентные проекты","да","9655","12050","00:01:15","0.0","1244"
"Крупнейший каталог товаров в России - regmarkets.ru","regmarkets.ru","Торговля","Агрегаторы","да","8889","11400","00:01:43","0.0","1138"
"«Film.ru» — национальный кинопортал","film.ru","Развлечения и отдых->Фильмы онлайн, Развлечения и отдых","Контентные проекты","да","8696","11350","00:01:05","0.0","1064"
"«Юлмарт» - Интернет-Магазин №1 в России","ulmart.ru","Торговля->Электронная техника, Торговля","Интернет-магазины","да","8274","10600","00:06:07","0.0","1078"
"«Екатеринбург Он-Лайн» — региональный портал","e1.ru","Новости и СМИ, Новости и СМИ->Газеты, журналы","Новости","да","8000","9950","00:04:17","0.0","991"
"GMbox.ru — игровой медиа-портал","gmbox.ru","Развлечения и отдых->Компьютерные игры, Развлечения и отдых","Контентные проекты","да","7685","10500","00:02:34","0.0","1087"
"«Дождь» — телеканал","tvrain.ru","Новости и СМИ, Новости и СМИ->Телевидение","Новости","да","7459","9500","00:03:03","0.0","1017"
"«Еда» — кулинарный портал","eda.ru","Домашнее хозяйство->Кулинария и рецепты, Домашнее хозяйство","Контентные проекты","да","7333","9200","00:02:25","0.0","976"
"Яндекс.Работа — система поиска работы","rabota.yandex.ru","Работа и карьера, Работа и карьера->Вакансии и резюме","Агрегаторы","да","7316","10150","00:10:08","0.20359281437125748","1104"
"«ИноСМИ.ru» — переводы публикаций зарубежных СМИ","inosmi.ru","Новости и СМИ->Деловые новости, Бизнес, Новости и СМИ, Бизнес->Деловые новости","Новости","да","7295","9350","00:03:32","0.0","1074"
"Яндекс.Авиабилеты — поиск авиабилетов","avia.yandex.ru","Путешествия->Авиа и ж/д билеты, Путешествия","Агрегаторы","да","6961","9250","00:08:40","0.1317365269461078","1049"
"Рамблер.Почта — бесплатная почтовая служба","mail.rambler.ru","Техника и технологии, Техника и технологии->Интернет-сервисы","Сервисы","да","6961","10700","00:35:46","0.0","2184"
"Lostfilm.tv — портал о зарубежных сериалах","lostfilm.tv","Развлечения и отдых->Фильмы онлайн, Развлечения и отдых","Видео","да","6953","9500","00:11:19","0.0","1954"
"Яндекс Плюс","plus.yandex.ru","Услуги","Сервисы","да","6795","8900","00:00:22","0.0","778"
"«Пятый канал» — официальный сайт телерадиокомпании","5-tv.ru","Новости и СМИ, Новости и СМИ->Телевидение","Новости","да","6759","8550","00:00:54","0.0","857"
"«Ярмарка Мастеров» — гипермаркет авторских работ","livemaster.ru","Здоровье, красота, стиль->Одежда, обувь, аксессуары, Здоровье, красота, стиль, Торговля->Одежда, обувь, аксессуары, Торговля","Интернет-магазины","да","6697","8800","00:06:58","0.0","995"
"Ридус — агентство гражданской журналистики","ridus.ru","Новости и СМИ, Новости и СМИ->Газеты, журналы","Новости","да","6679","8300","00:02:02","0.0","1009"
"«Повар.ру» — кулинарные рецепты","povar.ru","Домашнее хозяйство->Кулинария и рецепты, Домашнее хозяйство","Контентные проекты","да","6674","8550","00:03:00","0.0","857"
"«LiveInternet» — сервис для блоггеров","liveinternet.ru","","Контентные проекты","да","6551","8450","00:01:33","0.0","820"
"Рамблер/гороскопы","horoscopes.rambler.ru","Непознанное->Астрология и гороскопы, Непознанное","Контентные проекты","да","6498","8400","00:02:36","0.0","986"
"Дни.ру – влиятельная российская интернет-газета","dni.ru","Новости и СМИ->Деловые новости, Бизнес, Новости и СМИ, Бизнес->Деловые новости","Новости","да","6345","8200","00:02:12","0.0","930"
"Автоновости дня - авто журнал АвтоВзгляд","avtovzglyad.ru","Авто и мото->Издания об автомобилях, Авто и мото, Новости и СМИ->Издания об автомобилях, Новости и СМИ","Контентные проекты","да","6100","7400","00:01:45","0.0","756"
"Chip — компьютерный журнал","ichip.ru","Техника и технологии, Техника и технологии->Новости Hi-Tech","Контентные проекты","да","6088","7750","00:01:16","0.0","756"
"Скачать взломанные игры и моды на Андроид бесплатно","alpha-ag.ru","Развлечения и отдых->Игры, Развлечения и отдых","Контентные проекты","да","5955","7900","00:04:20","0.0","866"
"«Евро-футбол.ру» — новости футбола России и Европы","euro-football.ru","Спорт и активный образ жизни, Спорт и активный образ жизни->Футбол","Новости","да","5829","7500","00:02:03","0.0","875"
"Юридическая консультация онлайн","9111.ru","","Сообщества","да","5798","7350","00:03:11","0.0","733"
"Ferra — интернет-издание - Ferra.ru","ferra.ru","Техника и технологии","Контентные проекты","да","5685","7200","00:00:59","0.0","691"
"У нас можно читать Мангу для взрослых онлайн на Русском.","mintmanga.com","Развлечения и отдых->Познавательно-развлекательные сайты, Развлечения и отдых","Контентные проекты","да","5682","7950","01:08:52","0.0","1627"
"Тонкости туризма — энциклопедия для туристов","tonkosti.ru","Путешествия->Туры и экскурсии, Путешествия","Контентные проекты","да","5487","7250","00:02:21","0.0","681"
"Car.ru — автомобильный портал","car.ru","Авто и мото->Издания об автомобилях, Авто и мото, Авто и мото->Продажа автомобилей и мотоциклов, Торговля->Продажа автомобилей и мотоциклов, Новости и СМИ->Издания об автомобилях, Новости и СМИ, Авто и мото->Автомобили, Торговля","Контентные проекты","да","5388","6800","00:02:31","0.0","723"
"Новости InfoNIAC.ru","infoniac.ru","Новости и СМИ, Новости и СМИ->Газеты, журналы","Новости","да","5270","6500","00:01:09","0.0","613"
"Бизнес идеи с нуля, Бизнес планы, Деньги, Как открыть...","businessman.ru","Бизнес->Организация бизнеса, Бизнес","Контентные проекты","да","5185","7050","00:01:15","0.0","654"
"Экспресс газета - сетевое издание | EG.RU","eg.ru","Новости и СМИ->Деловые новости, Бизнес, Новости и СМИ, Бизнес->Деловые новости","Новости","да","4975","6200","00:01:42","0.0","622"
"Информационный портал телерадиокомпании «Мир»","mir24.tv","Новости и СМИ->Деловые новости, Бизнес, Новости и СМИ, Новости и СМИ->Телевидение, Бизнес->Деловые новости","Новости","да","4897","6000","00:00:58","0.0","590"
"Яндекс.Толока - заработок в интернете без вложений","toloka.yandex.ru","Работа и карьера->Работа в интернете, Работа и карьера","Сервисы","да","4883","7400","00:52:00","0.6379310344827587","860"
"«Домофонд» — платформа для подбора недвижимости","domofond.ru","Недвижимость, Недвижимость->Жилая недвижимость","Агрегаторы","да","4788","6600","00:12:05","0.0","704"
"«Soccer.ru» — новости футбола России и Европы","soccer.ru","Спорт и активный образ жизни, Спорт и активный образ жизни->Футбол","Новости","да","4549","7550","00:22:09","0.0","1077"
"Все новости столицы, России и мира - Вечерняя Москва","vm.ru","Новости и СМИ, Новости и СМИ->Газеты, журналы","Новости","да","4439","5600","00:01:27","0.0","562"
"Дом солнца — эзотерический портал","sunhome.ru","Развлечения и отдых->Познавательно-развлекательные сайты, Развлечения и отдых","Контентные проекты","да","4348","5650","00:02:25","0.0","553"
"«НГС.Новосибирск» — городской портал","ngs.ru","Новости и СМИ->Деловые новости, Бизнес, Новости и СМИ, Бизнес->Деловые новости","Новости","да","4271","5400","00:02:37","0.0","557"
"Psychologies — журнал","psychologies.ru","Здоровье, красота, стиль, Здоровье, красота, стиль->Журналы о красоте и здоровье","Контентные проекты","да","4150","5350","00:01:36","0.0","488"
"«Passion.ru» — онлайн-журнал для женщин","passion.ru","Здоровье, красота, стиль","Контентные проекты","да","4147","5250","00:01:37","0.0","507"
"«Утро.ru» — ежедневная электронная газета","utro.ru","Новости и СМИ->Деловые новости, Бизнес, Новости и СМИ, Бизнес->Деловые новости","Новости","да","3901","4850","00:00:35","0.0","479"
"«Колёса» — автомобильный онлайн-журнал","kolesa.ru","Авто и мото->Издания об автомобилях, Авто и мото, Новости и СМИ->Издания об автомобилях, Новости и СМИ","Контентные проекты","да","3897","4850","00:01:48","0.0","484"
"Attuale.ru","attuale.ru","Развлечения и отдых->Познавательно-развлекательные сайты, Развлечения и отдых","Контентные проекты","да","3859","4700","00:01:15","0.0","465"
"GQ — мужской журнал","gq.ru","Здоровье, красота, стиль, Новости и СМИ","Контентные проекты","да","3852","5150","00:03:33","0.0","562"
"Драйв — автомобильный интернет-журнал","drive.ru","Авто и мото, Авто и мото->Автомобили","Контентные проекты","да","3840","5250","00:06:42","0.0","601"
"Футбол России","rusfootball.info","Спорт и активный образ жизни, Спорт и активный образ жизни->Футбол","Контентные проекты","да","3840","5200","00:02:28","0.0","668"
"Скрытые друзья ВКонтакте в открытом доступе","220vk.com","","Сервисы","да","3812","6250","00:34:46","0.0","1248"
"DISGUSTING MEN. Отвратительные мужики. 18+","disgustingmen.com","Развлечения и отдых->Познавательно-развлекательные сайты, Развлечения и отдых","Контентные проекты","да","3781","5500","00:05:00","0.0","582"
"«Сплетник» — сайт о знаменитостях и светской жизни","spletnik.ru","Новости и СМИ->Деловые новости, Бизнес, Новости и СМИ, Бизнес->Деловые новости","Контентные проекты","да","3768","4800","00:01:35","0.0","469"
"Мотор — автомобильный портал — Motor","motor.ru","Авто и мото, Авто и мото->Автомобили","Контентные проекты","да","3732","4900","00:03:30","0.0","576"
"Бухучет, налогообложение и аудит РФ","audit-it.ru","Финансы->Финансовые новости, Новости и СМИ->Финансовые новости, Новости и СМИ, Финансы","Сервисы","да","3712","5100","00:02:09","0.0","487"
"Novate.ru — сайт о дизайне и искусстве","novate.ru","Новости и СМИ, Новости и СМИ->Газеты, журналы","Контентные проекты","да","3608","4400","00:01:46","0.0","493"
"«Телепрограмма» — онлайн-версия женского журнала","teleprogramma.pro","Новости и СМИ, Новости и СМИ->Газеты, журналы","Новости","да","3605","4550","00:01:28","0.0","479"
"Кьюто.ру — помощь в выборе нового автомобиля","quto.ru","Авто и мото, Авто и мото->Автомобили","Агрегаторы","да","3603","4550","00:01:33","0.0","470"
"Россия — государственный телеканал","russia.tv","Новости и СМИ, Новости и СМИ->Телевидение","Представительства бизнесов и организаций","да","3562","4500","00:02:46","0.0","525"
"Яндекс.Интернетометр — проверка скорости интернета","yandex.ru/internet","Техника и технологии, Техника и технологии->Интернет-сервисы","Сервисы","да","3533","5300","00:07:23","0.0","565"
"Wonderzine — онлайн-издание для девушек","wonderzine.com","Здоровье, красота, стиль->Гид по стилю, советы и уроки, Здоровье, красота, стиль","Контентные проекты","да","3482","4400","00:03:31","0.0","456"
"Eurasia Daily — информационное агентство","eadaily.com","Новости и СМИ->Деловые новости, Бизнес, Новости и СМИ, Бизнес->Деловые новости","Новости","да","3480","4400","00:01:24","0.0","461"
"«Астромеридиан» — астрологический портал","astromeridian.ru","Непознанное->Астрология и гороскопы, Непознанное","Контентные проекты","да","3396","4500","00:01:07","0.0","442"
"«Фонтанка.ру» — петербургская интернет-газета","fontanka.ru","Новости и СМИ->Деловые новости, Бизнес, Новости и СМИ, Бизнес->Деловые новости","Новости","да","3278","4050","00:01:39","0.0","465"
"RUPOSTERS - новости, которые вы заслужили!","ruposters.ru","Новости и СМИ->Деловые новости, Бизнес, Новости и СМИ, Бизнес->Деловые новости","Новости","да","3273","4300","00:01:05","0.0","433"
"«РЕН ТВ» — телеканал","ren.tv","Новости и СМИ, Новости и СМИ->Телевидение","Новости","да","3199","4400","00:02:07","0.0","477"
"«Playboy» — журнал","playboyrussia.com","Для взрослых (18+), Для взрослых (18+)->Литература 18+","Контентные проекты","да","3195","4000","00:00:55","0.0","396"
"«Wmj.ru» — женский онлайн-журнал","wmj.ru","Развлечения и отдых->Познавательно-развлекательные сайты, Развлечения и отдых","Контентные проекты","да","3192","4100","00:01:39","0.0","396"
"«Аргументы недели» — еженедельная газета","argumenti.ru","Новости и СМИ, Новости и СМИ->Газеты, журналы","Новости","да","3067","3850","00:01:42","0.0","387"
"«Росбалт» — информационное агентство","rosbalt.ru","Новости и СМИ->Деловые новости, Бизнес, Новости и СМИ, Бизнес->Деловые новости","Новости","да","3018","3900","00:01:07","0.0","372"
"Новости Уфы и Республики Башкортостан: GTRK.TV","gtrk.tv","Новости и СМИ->Деловые новости, Бизнес, Новости и СМИ, Бизнес->Деловые новости","Новости","да","2988","3650","00:00:18","0.0","359"
"Справочник организаций Россиии и СНГ - адреса...","jsprav.ru","Справочные ресурсы, Справочные ресурсы->Желтые страницы","Контентные проекты","да","2937","3950","00:01:48","0.0","368"
"«Newsru.com» — новостной портал","newsru.com","Новости и СМИ->Деловые новости, Бизнес, Новости и СМИ, Бизнес->Деловые новости","Новости","да","2930","4000","00:06:38","0.0","537"
"ELLE.ru – мода, красота, тренды, звезды, отношения","elle.ru","Здоровье, красота, стиль, Здоровье, красота, стиль->Журналы о красоте и здоровье","Контентные проекты","да","2891","3750","00:01:40","0.0","355"
"«Зарплата.ру» — база резюме и вакансий","zarplata.ru","Работа и карьера, Работа и карьера->Вакансии и резюме","Агрегаторы","да","2859","4400","00:08:26","0.0","396"
"Ранобэ и Новеллы читать онлайн на русском","ранобэ.рф","Развлечения и отдых","Контентные проекты","да","2831","4850","08:47:46","0.0","1513"
"«Нижний Новгород онлайн» — городской портал","nn.ru","Новости и СМИ","Новости","да","2820","3600","00:01:10","0.0","322"
"Avrorra.com - Ежедневный журнал о красоте, моде, стиле...","avrorra.com","Здоровье, красота, стиль, Здоровье, красота, стиль->Журналы о красоте и здоровье","Контентные проекты","да","2739","3350","00:01:00","0.0","345"
"Футбол онлайн, прямые трансляции... - LiveResult","liveresult.ru","Спорт и активный образ жизни, Спорт и активный образ жизни->Футбол","Видео","да","2639","3500","00:18:05","0.0","488"
"Avia.pro - портал по авиации №1","avia.pro","Транспорт, перевозки, Транспорт, перевозки->Воздушный транспорт","Контентные проекты","да","2614","3200","00:01:05","0.0","336"
"Новости кинематографа и телевидения. — Рамблер/кино","kino.rambler.ru","Развлечения и отдых->Фильмы онлайн, Развлечения и отдых","Видео","да","2531","3200","00:02:11","0.0","304"
"«Time Out» — развлекательный журнал","timeout.ru","Развлечения и отдых, Развлечения и отдых->Афиша и продажа билетов","Контентные проекты","да","2531","3100","00:01:49","0.0","318"
"НеБолеем.net – портал о медицине и здоровом образе...","neboleem.net","Медицина->Болезни, Медицина","Контентные проекты","да","2490","3000","00:00:40","0.0","276"
"Iamcook — пошаговые рецепты с фото","iamcook.ru","Домашнее хозяйство->Кулинария и рецепты, Домашнее хозяйство","Контентные проекты","да","2447","3050","00:02:03","0.0","290"
"Calorizator.ru — портал о здоровом питании","calorizator.ru","Здоровье, красота, стиль, Здоровье, красота, стиль->Здоровый образ жизни","Контентные проекты","да","2443","3150","00:01:36","0.0","350"
"«Forumhouse.ru» — форум для дома и дачи","forumhouse.ru","Строительство и ремонт->Советы и рекомендации по строительству, Строительство и ремонт","Сообщества","да","2439","3250","00:10:06","0.0","364"
"Medi.ru — справочник лекарств","medi.ru","Медицина->Лекарства и медицинские товары, Торговля->Лекарства и медицинские товары, Медицина, Торговля","Контентные проекты","да","2405","3050","00:01:41","0.0","318"
"78.ru | Официальный сайт телеканала | Новости политики...","78.ru","Новости и СМИ, Новости и СМИ->Газеты, журналы","Новости","да","2324","2900","00:01:00","0.0","272"
"Яндекс.Диалоги — доверьте общение с клиентами Алисе","dialogs.yandex.ru","Услуги","Сервисы","да","2323","3150","00:01:00","0.0","281"
"Актуальные новости","actualnews.org","Новости и СМИ->Деловые новости, Бизнес, Новости и СМИ, Бизнес->Деловые новости","Новости","да","2241","2800","00:00:45","0.0","285"
"«Myslo.ru» — тульский городской портал","myslo.ru","Новости и СМИ, Новости и СМИ->Газеты, журналы","Контентные проекты","да","2241","2800","00:02:30","0.0","318"
"Cataloxy - каталог фирм и организаций, бесплатное...","cataloxy.ru","Бизнес->Реклама и маркетинг, Бизнес","Агрегаторы","да","2240","2800","00:01:42","0.0","267"
"Туристер.Ру — туристическая социальная сеть","tourister.ru","Путешествия","Контентные проекты","да","2158","2600","00:00:46","0.0","258"
"Строительный портал Центральный полигон Centro-pol.ru","centro-pol.ru","Строительство и ремонт->Строительные материалы и оборудование, Строительство и ремонт","Контентные проекты","да","2116","2600","00:01:37","0.0","267"
"Купить билеты на междугородний автобус онлайн...","yandex.ru/bus","","Сервисы","да","2099","2900","00:06:40","0.10416666666666669","293"
"Marie Claire — женский онлайн-журнал","marieclaire.ru","Здоровье, красота, стиль, Здоровье, красота, стиль->Журналы о красоте и здоровье","Контентные проекты","да","2032","2600","00:02:42","0.0","239"
"1001 гороскоп — астрологический портал","1001goroskop.ru","Развлечения и отдых","Контентные проекты","да","2024","2600","00:04:44","0.0","417"
"Elle girl — журнал для девушек","ellegirl.ru","Развлечения и отдых->Познавательно-развлекательные сайты, Развлечения и отдых","Контентные проекты","да","1992","2800","00:01:41","0.0","267"
"Алиса — ваш голосовой помощник, созданный в Яндексе","alice.yandex.ru","Техника и технологии, Техника и технологии->Интернет-сервисы","Сервисы","да","1950","2550","00:01:35","0.0","244"
"ОПТИМИСТ - не жалею, не зову, не плачу.","oppps.ru","Справочные ресурсы","Контентные проекты","да","1950","2400","00:01:00","0.0","244"
"Педагогическое сообщество «Урок.рф»","урок.рф","Образование->Сайты педагогов, Образование","Контентные проекты","да","1950","2400","00:01:25","0.0","221"
"101 отель — служба бронирования гостиниц","101hotels.ru","Путешествия->Гостиницы, отели и кемпинги, Путешествия","Агрегаторы","да","1907","2350","00:02:38","0.0","234"
"«Вести Экономика» — аналитические материалы","vestifinance.ru","Финансы->Финансовые новости, Новости и СМИ->Финансовые новости, Новости и СМИ, Финансы","Новости","да","1906","2550","00:03:00","0.0","244"
"HipDir — заведения и услуги Москвы","hipdir.com","Справочные ресурсы","Агрегаторы","да","1784","2300","00:02:24","0.0","216"
"Online812.ru - Город 812 — сетевой журнал","online812.ru","Новости и СМИ->Деловые новости, Бизнес, Новости и СМИ, Бизнес->Деловые новости","Новости","да","1743","2100","00:00:53","0.0","198"
"Вокруг света — познавательный портал","vokrugsveta.ru","Путешествия->Страны, города, достопримечательности, Путешествия","Контентные проекты","да","1743","2300","00:01:27","0.0","235"
"«Муз-ТВ» — музыкально-развлекательный телеканал","muz-tv.ru","Развлечения и отдых, Развлечения и отдых->Музыка онлайн","Видео","да","1734","2200","00:01:17","0.0","234"
"АвтоТочки — справочник автолюбителя","avtotochki.ru","Авто и мото, Авто и мото->Автомобили","Агрегаторы","да","1701","2100","00:01:29","0.0","193"
"Новости ДНР, ЛНР, Мира и Украины. Новостной Фронт","news-front.info","Новости и СМИ->Деловые новости, Бизнес, Новости и СМИ, Бизнес->Деловые новости","Новости","да","1701","2200","00:03:31","0.0","285"
"Женский журнал NeoLove.RU, а так же бесплатный сайт...","neolove.ru","Здоровье, красота, стиль, Здоровье, красота, стиль->Журналы о красоте и здоровье","Контентные проекты","да","1698","2200","00:07:27","0.0","207"
"Poezdato.net - расписание поездов и электричек в России...","poezdato.net","Путешествия->Авиа и ж/д билеты, Путешествия","Агрегаторы","да","1660","2050","00:03:11","0.0","207"
"«Newsland» — новостная социальная сеть","newsland.com","Новости и СМИ->Деловые новости, Бизнес, Новости и СМИ, Бизнес->Деловые новости","Новости","да","1618","2100","00:01:00","0.0","193"
"Look at me — сайт о креативных индустриях","lookatme.ru","Новости и СМИ, Новости и СМИ->Новости технологий","Контентные проекты","да","1615","2000","00:00:18","0.0","193"
"Последние новости Москвы, события и все развлечения...","moslenta.ru","Новости и СМИ","Новости","да","1577","2050","00:00:51","0.0","230"
"Аптека тяньши: Здоровый образ жизни, альтернативная...","tiensmed.ru","Медицина->Альтернативная медицина, Медицина","Контентные проекты","да","1577","1950","00:01:05","0.0","179"
"SnatchNews - новостной портал","sntch.com","Новости и СМИ","Новости","да","1574","2100","00:01:04","0.0","188"
"ОТЗЫВ.Ру: Отзывы туристов | Новинки кино | Авто отзывы","otzyv.ru","Путешествия->Туры и экскурсии, Путешествия","Сообщества","да","1565","2050","00:02:08","0.0","202"
"«Авторамблер» — автомобильный портал","autorambler.ru","Авто и мото->Издания об автомобилях, Авто и мото, Новости и СМИ->Издания об автомобилях, Новости и СМИ","Контентные проекты","да","1535","1900","00:01:45","0.0","189"
"Официальный сайт женского журнала «Лиза» – Lisa.ru","lisa.ru","Здоровье, красота, стиль, Здоровье, красота, стиль->Журналы о красоте и здоровье","Контентные проекты","да","1535","1850","00:01:57","0.0","184"
"Секрет фирмы — интернет-журнал о бизнесе","secretmag.ru","Новости и СМИ->Деловые новости, Бизнес, Новости и СМИ, Бизнес->Деловые новости","Контентные проекты","да","1535","1850","00:03:21","0.0","212"
"Конт — платформа для социальной журналистики","cont.ws","Новости и СМИ->Деловые новости, Бизнес, Новости и СМИ, Бизнес->Деловые новости","Сообщества","да","1531","2050","00:24:55","0.0","266"
"Водоснабжение и канализация дома, квартиры...","vodakanazer.ru","Строительство и ремонт","Контентные проекты","да","1494","1800","00:01:34","0.0","189"
"«Woman Hit» — женский онлайн-журнал","womanhit.ru","Здоровье, красота, стиль, Здоровье, красота, стиль->Журналы о красоте и здоровье","Контентные проекты","да","1494","1800","00:01:24","0.0","179"
"«Fanat1k.ru» — сайт болельщиков «Спартака»","fanat1k.ru","","Контентные проекты","да","1468","2500","01:34:10","0.0","527"
"Сделай сам своими руками - поделки и мастер-классы","sdelaysam-svoimirukami.ru","Справочные ресурсы","Контентные проекты","да","1452","1750","00:02:49","0.0","198"
"«Vogue» — журнал","vogue.ru","Здоровье, красота, стиль, Новости и СМИ","Контентные проекты","да","1452","1850","00:01:49","0.0","170"
"Клео — ежедневный женский сетевой журнал","kleo.ru","Здоровье, красота, стиль, Здоровье, красота, стиль->Журналы о красоте и здоровье","Контентные проекты","да","1369","1750","00:01:10","0.0","170"
"«Летидор» — портал для активных родителей","letidor.ru","Семья и дети, Семья и дети->Развитие и воспитание детей","Контентные проекты","да","1369","1650","00:01:51","0.0","170"
"Справочник минимальных цен Москвы","minimum-price.ru","","Контентные проекты","да","1369","1750","00:01:18","0.0","170"
"АгроСервер.ру — информационная поддержка сельского...","agroserver.ru","Промышленность и сельское хозяйство->Сельское хозяйство, Промышленность и сельское хозяйство","Агрегаторы","да","1368","1850","00:07:14","0.0","189"
"Фактрум — познавательный блог","factroom.ru","Развлечения и отдых, Развлечения и отдых->Юмор и Комиксы","Контентные проекты","да","1322","1700","00:01:09","0.0","170"
"Инфоцентр AfterShock • Каким будет завтра?","aftershock.news","Новости и СМИ->Деловые новости, Бизнес, Новости и СМИ, Бизнес->Деловые новости","Новости","да","1318","1900","00:20:05","0.0","239"
"Прайм — агентство экономической информации","1prime.ru","Финансы->Финансовые новости, Новости и СМИ->Финансовые новости, Новости и СМИ, Финансы","Новости","да","1286","1650","00:01:22","0.0","179"
"Независимое интернет-издание ""ДНИ24""","dni24.com","Новости и СМИ->Деловые новости, Бизнес, Новости и СМИ, Бизнес->Деловые новости","Новости","да","1286","1700","00:00:33","0.0","152"
"Машинтоп - автомобильный портал","mashintop.ru","Авто и мото, Авто и мото->Автомобили","Контентные проекты","да","1245","1650","00:02:53","0.0","147"
"«НГС.Красноярск» — городской портал Красноярска","ngs24.ru","Новости и СМИ, Новости и СМИ->Газеты, журналы","Новости","да","1242","1550","00:01:03","0.0","147"
"«Glamour» — интернет-версия женского журнала","glamour.ru","Здоровье, красота, стиль, Новости и СМИ","Контентные проекты","да","1191","1600","00:01:53","0.0","156"
"Игры онлайн на 146% бесплатно","game01.ru","Развлечения и отдых->Игры, Развлечения и отдых","Онлайн-игры","да","1156","1550","00:11:23","0.0","175"
"Погода в России. Точный прогноз на сегодня, завтра...","weather.rambler.ru","Справочные ресурсы, Справочные ресурсы->Погода","Сервисы","да","1117","1450","00:01:18","0.0","170"
"Пасьянсы онлайн: «Косынка», «Паук», «Коврик» и другие.","razlozhi.ru","Развлечения и отдых->Компьютерные игры, Развлечения и отдых","Онлайн-игры","да","1113","1400","03:11:14","0.0","339"
"«Анекдотов.net» — развлекательный портал","anekdotov.net","Развлечения и отдых, Развлечения и отдых->Юмор и Комиксы","Контентные проекты","да","1079","1400","00:24:49","0.0","244"
"ДомКадров.ру: поиск работы, поиск сотрудников","domkadrov.ru","Работа и карьера, Работа и карьера->Вакансии и резюме","Агрегаторы","да","1079","1300","00:03:33","0.0","129"
"Вести ФМ — радиостанция","radiovesti.ru","Новости и СМИ","Новости","да","1079","1500","00:03:47","0.0","170"
"Русская весна | Только проверенная информация","rusvesna.su","Новости и СМИ->Деловые новости, Бизнес, Новости и СМИ, Бизнес->Деловые новости","Новости","да","1075","1400","00:17:46","0.0","253"
"Все об интерактивных развлечениях – Рамблер/игры","games.rambler.ru","Развлечения и отдых->Игры, Развлечения и отдых","Онлайн-игры","да","1037","1350","00:06:43","0.0","175"
"Клуб любителей дачи 7dach.ru","7dach.ru","Домашнее хозяйство->Сад и огород, Домашнее хозяйство","Сообщества","да","996","1200","00:00:45","0.0","129"
"«Cars.ru» — автопортал","cars.ru","Авто и мото, Авто и мото->Автомобили","Агрегаторы","да","996","1200","00:01:14","0.0","124"
"«CarsGuru.net» — автомобильный портал","carsguru.net","Авто и мото, Авто и мото->Продажа автомобилей и мотоциклов, Торговля->Продажа автомобилей и мотоциклов, Торговля","Агрегаторы","да","996","1200","00:01:07","0.0","115"
"Строительство деревянных домов и коттеджей из бруса...","build-experts.ru","Строительство и ремонт->Строительное проектирование и технадзор, Строительство и ремонт","Контентные проекты","да","954","1200","00:01:28","0.0","115"
"«Ufa1.ru» — информационный портал Уфы","ufa1.ru","Новости и СМИ, Новости и СМИ->Газеты, журналы","Новости","да","954","1200","00:01:11","0.0","106"
"«Доктор Питер» — информационный сайт о здоровье","doctorpiter.ru","Медицина->Медицинские услуги, Услуги->Медицинские услуги, Услуги, Медицина","Контентные проекты","да","913","1200","00:00:48","0.0","106"
"Зачатие, беременность, роды и ребенок на сайте для мам...","mama66.ru","Семья и дети->Беременность и роды, Семья и дети","Сообщества","да","913","1100","00:01:00","0.0","101"
"«Gorod48.ru» — информационный портал г. Липецка","gorod48.ru","Новости и СМИ->Деловые новости, Бизнес, Новости и СМИ, Бизнес->Деловые новости","Новости","да","891","1400","00:10:53","0.0","215"
"«F1news.ru» — новости Формулы 1","f1news.ru","Авто и мото->Издания об автомобилях, Авто и мото, Новости и СМИ->Издания об автомобилях, Новости и СМИ","Новости","да","887","1350","00:20:33","0.0","312"
"Журнал об экологии Экосевер","ecosever.ru","Новости и СМИ, Новости и СМИ->Газеты, журналы","Контентные проекты","да","871","1050","00:00:40","0.0","96"
"«Новые автомобили» — автомобильный портал","njcar.ru","Авто и мото, Авто и мото->Продажа автомобилей и мотоциклов, Торговля->Продажа автомобилей и мотоциклов, Торговля","Агрегаторы","да","871","1050","00:02:00","0.0","119"
"Бизнес-справочник ""UNFALL""","unfall.ru","Бизнес->Организация бизнеса, Бизнес","Контентные проекты","да","871","1050","00:01:32","0.0","119"
"Новости Воронежа и Воронежской области | Последние...","vestivrn.ru","Новости и СМИ->Деловые новости, Бизнес, Новости и СМИ, Бизнес->Деловые новости","Новости","да","871","1100","00:00:32","0.0","110"
"«Rambler News Service» — информационное агентство","rns.online","Новости и СМИ, Новости и СМИ->Газеты, журналы","Новости","да","869","1150","00:02:11","0.0","124"
"Кулинарные рецепты и мастер классы - Алимеро","alimero.ru","Домашнее хозяйство->Кулинария и рецепты, Домашнее хозяйство","Контентные проекты","да","830","1000","00:03:25","0.0","106"
"FrequentFlyers.ru – Сайт для продвинутых авиапассажиров","frequentflyers.ru","Путешествия->Авиа и ж/д билеты, Путешествия","Новости","да","830","1050","00:02:04","0.0","124"
"Рамблер/поиск","nova.rambler.ru","","Сервисы","да","830","1150","00:10:52","0.0","152"
"«Культура» — телевизионный канал","tvkultura.ru","Новости и СМИ, Новости и СМИ->Телевидение","Представительства бизнесов и организаций","да","830","1050","00:03:11","0.0","106"
"«V1.ru» — информационный портал Волгограда","v1.ru","Новости и СМИ, Новости и СМИ->Газеты, журналы","Новости","да","830","1000","00:01:26","0.0","106"
"«Yoki.Ru» — развлекательный портал","yoki.ru","Развлечения и отдых->Познавательно-развлекательные сайты, Развлечения и отдых","Контентные проекты","да","830","1000","00:00:40","0.0","101"
"Новости Перми - 59.ru главные новости сегодня","59.ru","Новости и СМИ->Деловые новости, Бизнес, Новости и СМИ, Бизнес->Деловые новости","Новости","да","788","950","00:01:20","0.0","101"
"Идеономика – Умные о главном","ideanomics.ru","Бизнес","Контентные проекты","да","788","950","00:02:58","0.0","124"
"Поплавок","poplawok.ru","Развлечения и отдых, Развлечения и отдых->Хобби","Контентные проекты","да","788","950","00:00:31","0.0","101"
"Auto.dmir.ru (Автомобили и цены)","autodmir.ru","Авто и мото, Авто и мото->Автомобили","Агрегаторы","да","778","1050","00:03:43","0.0","100"
"Веб Телеграмм онлайн с прокси, proxy для России.","телеграмм.онлайн","Услуги","Социальные сети","да","774","1050","00:42:31","0.0","225"
"«74.ру» — челябинский портал","74.ru","Новости и СМИ->Деловые новости, Бизнес, Новости и СМИ, Бизнес->Деловые новости","Новости","да","747","1100","00:00:54","0.0","87"
"Макспарк - Гайдпарк — социальная сеть","maxpark.com","Новости и СМИ, Новости и СМИ->Газеты, журналы","Социальные сети","да","747","950","00:01:11","0.0","87"
"Интересные новости OAnews","oane.ws","Новости и СМИ->Деловые новости, Бизнес, Новости и СМИ, Бизнес->Деловые новости","Новости","да","747","900","00:00:32","0.0","83"
"Яндекс.Календарь — онлайн-органайзер","calendar.yandex.ru","Техника и технологии, Техника и технологии->Интернет-сервисы","Сервисы","да","744","950","00:19:14","0.0","156"
"Тест-драйвы авто, видео, новости, отзывы на 4R.ru","4r.ru","Авто и мото, Авто и мото->Автомобили","Контентные проекты","да","705","850","00:02:09","0.0","92"
"INMYROOM – Все о дизайне интерьера, свежие идеи...","inmyroom.ru","Строительство и ремонт->Дизайн интерьера, Строительство и ремонт","Контентные проекты","да","705","850","00:02:06","0.0","78"
"Идеи вашего дома — журнал о ремонте и дизайне","ivd.ru","Домашнее хозяйство->Товары для дома и интерьера, Домашнее хозяйство","Контентные проекты","да","705","850","00:04:00","0.0","87"
"PartPrice.ru - Сервис сравнения цен и отзывов...","partprice.ru","","Агрегаторы","да","705","900","00:01:11","0.0","78"
"Женский портал Woman365.ru","woman365.ru","Домашнее хозяйство","Контентные проекты","да","705","850","00:01:00","0.0","78"
"«Cорок семь новостей из Ленинградской области»","47news.ru","Новости и СМИ, Новости и СМИ->Газеты, журналы","Новости","да","664","800","00:00:22","0.0","73"
"«63.ru» — сайт для жителей Самарской области","63.ru","Новости и СМИ->Деловые новости, Бизнес, Новости и СМИ, Бизнес->Деловые новости","Новости","да","664","800","00:01:50","0.0","73"
"Бесплатные объявления России - Доска объявлений Gde.ru","gde.ru","Услуги","Агрегаторы","да","664","900","00:02:42","0.0","78"
"Гражданину.com | Налоги и право для физических лиц","grazhdaninu.com","Государство и общество, Государство и общество->Законодательство","Контентные проекты","да","664","850","00:00:54","0.0","78"
"Журнал о здоровье MedPulse.Ru","medpulse.ru","Здоровье, красота, стиль, Здоровье, красота, стиль->Здоровый образ жизни, Медицина","Контентные проекты","да","664","850","00:00:42","0.0","73"
"«MyLove.ru» — сайт знакомств","mylove.ru","Развлечения и отдых->Знакомства и общение, Развлечения и отдых","Социальные сети","да","664","850","00:34:17","0.0","152"
"НУ И ПОГОДА: Погода в России и Мире. Точный прогноз...","nuipogoda.ru","Справочные ресурсы, Справочные ресурсы->Погода","Сервисы","да","664","800","00:01:24","0.0","106"
"Здоровьесберегающий сайт","polismed.com","Медицина->Болезни, Медицина","Контентные проекты","да","664","800","00:01:12","0.0","78"
"Дом 2 последние новости и слухи на 6 дней раньше – Шлок","schlock.ru","Развлечения и отдых->Познавательно-развлекательные сайты, Развлечения и отдых","Новости","да","664","850","00:03:21","0.0","96"
"Неизведанный мир магии и эзотерики","tayniymir.com","Непознанное->Мистика и эзотерика, Непознанное","Контентные проекты","да","664","850","00:01:13","0.0","83"
"«72.ru» — Тюменский портал","72.ru","Новости и СМИ, Новости и СМИ->Газеты, журналы","Новости","да","622","750","00:00:50","0.0","83"
"Главная - Агроному.com","agronomu.com","Домашнее хозяйство->Сад и огород, Домашнее хозяйство","Контентные проекты","да","622","800","00:02:00","0.0","69"
"Полезные советы на все случаи жизни, для дома, сада...","nashsovetik.ru","Домашнее хозяйство","Контентные проекты","да","622","750","00:01:46","0.0","83"
"Bouw.ru - строительный портал","bouw.ru","Строительство и ремонт->Советы и рекомендации по строительству, Строительство и ремонт","Контентные проекты","да","581","750","00:00:47","0.0","69"
"Своими руками - Поделись своими работами!","cpykami.ru","Развлечения и отдых, Развлечения и отдых->Хобби","Контентные проекты","да","581","700","00:01:23","0.0","73"
"«Стройпортал.ру» — отраслевой портал","stroyportal.ru","Строительство и ремонт->Строительные материалы и оборудование, Строительство и ремонт","Контентные проекты","да","581","750","00:00:57","0.0","64"
"Живи — велнес-портал","jv.ru","Спорт и активный образ жизни->Фитнес и бодибилдинг, Здоровье, красота, стиль, Спорт и активный образ жизни, Здоровье, красота, стиль->Фитнес и бодибилдинг","Контентные проекты","да","539","650","00:00:41","0.0","69"
"Охотники.ру — портал для любителей охоты","ohotniki.ru","Развлечения и отдых, Развлечения и отдых->Хобби","Контентные проекты","да","539","750","00:03:24","0.0","73"
"Журнал о здоровье Здоровый дух","pora.ru","Здоровье, красота, стиль, Здоровье, красота, стиль->Здоровый образ жизни","Контентные проекты","да","539","650","00:00:40","0.0","64"
"Детские пособия в 2018 году - вся информация о выплатах...","posobie-expert.ru","Государство и общество, Государство и общество->Органы социальной защиты","Контентные проекты","да","539","650","00:00:51","0.0","59"
"«Tatler» — журнал о светской жизни и знаменитостях","tatler.ru","Здоровье, красота, стиль, Новости и СМИ","Контентные проекты","да","539","650","00:01:26","0.0","64"
"Сделано у нас - Нам есть чем гордиться! - Сделано у нас","sdelanounas.ru","Новости и СМИ, Новости и СМИ->Новости технологий","Контентные проекты","да","536","700","00:13:34","0.0","95"
"DIWIS | Женский журнал. Последние новости ДОМ...","diwis.ru","Новости и СМИ, Новости и СМИ->Газеты, журналы","Контентные проекты","да","498","600","00:00:24","0.0","55"
"Глобус24 - образование для всех","globuss24.ru","Образование->Учебно-методические материалы, Образование","Контентные проекты","да","498","650","00:01:31","0.0","55"
"«Зайцев.FM» — музыкальная онлайн-радиостанция","zaycev.fm","Развлечения и отдых, Развлечения и отдых->Музыка онлайн","Сервисы","да","498","650","00:02:22","0.0","73"
"«161.ru» — информационный портал Ростова-на-Дону","161.ru","Новости и СМИ, Новости и СМИ->Газеты, журналы","Новости","да","456","550","00:01:01","0.0","55"
"«76.ru» — городской портал Ярославля","76.ru","Новости и СМИ->Деловые новости, Бизнес, Новости и СМИ, Бизнес->Деловые новости","Новости","да","456","550","00:01:34","0.0","64"
"Яндекс.Фотки — хостинг фотографий","fotki.yandex.ru","","Сервисы","да","456","700","00:00:49","0.0","55"
"Женский интернет-журнал","greatlove.ru","Здоровье, красота, стиль, Здоровье, красота, стиль->Журналы о красоте и здоровье","Контентные проекты","да","456","600","00:00:47","0.0","55"
"Вести-Кузбасс","vesti42.ru","Новости и СМИ, Новости и СМИ->Телевидение","Новости","да","456","550","00:00:51","0.0","50"
"Сайт знакомств 24open.ru — «24open.ru» — сайт знакомств","24open.ru","Развлечения и отдых->Знакомства и общение, Развлечения и отдых","Сообщества","да","415","500","00:09:25","0.0","115"
"Новости Архангельска - 29.ru главные новости сегодня","29.ru","Новости и СМИ->Деловые новости, Бизнес, Новости и СМИ, Бизнес->Деловые новости","Новости","да","415","500","00:00:37","0.0","46"
"Фермилон: дача, сад, огород, фермерство, земледелие","fermilon.ru","Домашнее хозяйство->Сад и огород, Домашнее хозяйство","Контентные проекты","да","415","550","00:02:41","0.0","50"
"«Клопс.ru» — калининградский новостной портал","klops.ru","Новости и СМИ->Деловые новости, Бизнес, Новости и СМИ, Бизнес->Деловые новости","Новости","да","415","500","00:00:25","0.0","46"
"«Косметиста» — сообщество о косметике","kosmetista.ru","Здоровье, красота, стиль, Здоровье, красота, стиль->Косметика","Сообщества","да","415","500","00:10:19","0.0","69"
"Невседома - жизнь полна развлечений","nevsedoma.com.ua","Развлечения и отдых->Познавательно-развлекательные сайты, Развлечения и отдых","Видео","да","415","500","00:03:22","0.0","59"
"Orchardo.ru - создайте участок вашей мечты...","orchardo.ru","Домашнее хозяйство->Сад и огород, Домашнее хозяйство","Контентные проекты","да","415","500","00:02:09","0.0","50"
"«Orsk.ru» — информационно-развлекательный портал","orsk.ru","Новости и СМИ, Новости и СМИ->Газеты, журналы","Новости","да","415","500","00:05:34","0.0","59"
"«Burdastyle.ru» — мода своими руками","burdastyle.ru","Здоровье, красота, стиль->Одежда, обувь, аксессуары, Здоровье, красота, стиль, Торговля->Одежда, обувь, аксессуары, Торговля","Контентные проекты","да","410","550","00:02:50","0.0","55"
"«Камелот» — доска объявлений","cmlt.ru","Торговля","Агрегаторы","да","405","550","00:12:06","0.0","73"
"Секреты домоводства – полезные советы хозяйкам","hozsekretiki.ru","Домашнее хозяйство","Контентные проекты","да","373","450","00:02:34","0.0","41"
"ОКО ПЛАНЕТЫ информационно-аналитический портал","oko-planet.su","Новости и СМИ->Деловые новости, Бизнес, Новости и СМИ, Бизнес->Деловые новости","Новости","да","373","450","00:01:31","0.0","59"
"Папарацци.ру - новости шоу-бизнеса","paparazzi.ru","Новости и СМИ, Новости и СМИ->Газеты, журналы","Новости","да","373","450","00:01:04","0.0","41"
"«Счастливые родители» — энциклопедия материнства","parents.ru","Семья и дети, Семья и дети->Развитие и воспитание детей","Контентные проекты","да","373","450","00:00:28","0.0","59"
"Недвижимость RealtyMag — 2 011 986 объектов на...","realtymag.ru","Недвижимость, Недвижимость->Жилая недвижимость","Агрегаторы","да","373","500","00:06:03","0.0","46"
"Сберометр - курс доллара и евро на завтра","sberometer.ru","Финансы->Финансовые рынки, Финансы","Сервисы","да","373","450","00:07:47","0.0","73"
"«InoPressa» — материалы зарубежной прессы","inopressa.ru","Новости и СМИ, Новости и СМИ->Газеты, журналы","Новости","да","332","400","00:00:21","0.0","36"
"Газета Труд : Труд — общественно-политическая газета","trud.ru","Новости и СМИ, Новости и СМИ->Газеты, журналы","Новости","да","332","400","00:00:28","0.0","36"
"Architectural digest | AD Magazine","admagazine.ru","Строительство и ремонт->Дизайн интерьера, Культура и искусство, Строительство и ремонт, Новости и СМИ","Контентные проекты","да","326","450","00:01:09","0.0","40"
"Hi-Fi and High End аудиотехника","hi-fi.ru","Техника и технологии, Техника и технологии->Аудио и видео техника","Контентные проекты","да","290","350","00:00:29","0.0","32"
"«NaMenu.ru» — кулинарный сайт","namenu.ru","Домашнее хозяйство->Кулинария и рецепты, Домашнее хозяйство","Контентные проекты","да","290","350","00:00:16","0.0","32"
"Ремонт квартир, офисов, домов","repairshome.ru","Строительство и ремонт->Советы и рекомендации по строительству, Строительство и ремонт","Контентные проекты","да","290","350","00:01:36","0.0","36"
"Тарифы 2018 года для Билайн, МТС, Мегафон...","tarifam.ru","Техника и технологии, Техника и технологии->Телефония и мобильная связь","Контентные проекты","да","290","400","00:01:47","0.0","36"
"ГТРК «Владивосток»— приморское телевидение и радио","vestiprim.ru","Новости и СМИ->Деловые новости, Бизнес, Новости и СМИ, Бизнес->Деловые новости","Новости","да","290","400","00:00:35","0.0","41"
"Рецепты с фото","ej-ka.net","Домашнее хозяйство->Кулинария и рецепты, Домашнее хозяйство","Контентные проекты","да","249","300","00:00:29","0.0","32"
"Рамблер/помощь","help.rambler.ru","Справочные ресурсы","Контентные проекты","да","249","350","00:04:17","0.0","32"
"Тенденции и тренды женской моды на 2018 год: пальто...","moddam.ru","Здоровье, красота, стиль->Гид по стилю, советы и уроки, Здоровье, красота, стиль","Контентные проекты","да","249","300","00:03:33","0.0","27"
"Яндекс.Путешествия — сервис поиска туров и отелей","travel.yandex.ru","Путешествия->Туры и экскурсии, Путешествия","Агрегаторы","да","249","350","00:02:14","0.0","27"
"Женский журнал Женомания. Сайт для девушек и женщин","zhenomaniya.ru","Здоровье, красота, стиль, Здоровье, красота, стиль->Журналы о красоте и здоровье","Контентные проекты","да","249","300","00:00:41","0.0","32"
"Ответы на сканворды и кроссворды онлайн.","crossopen.ru","Развлечения и отдых->Познавательно-развлекательные сайты, Развлечения и отдых","Сервисы","да","207","250","00:00:21","0.0","23"
"ГТРК ""Дон-ТР"" — Дон-ТР — телерадиокомпания","dontr.ru","Новости и СМИ, Новости и СМИ->Газеты, журналы","Новости","да","207","250","00:00:24","0.0","23"
"Гай.рф - городской портал","gts.tv","","Новости","да","207","250","00:00:21","0.0","23"
"Энциклопедия лекарственных растений: подробный...","herbalpedia.ru","Здоровье, красота, стиль, Медицина->Витамины и БАДы, Здоровье, красота, стиль->Витамины и БАДы, Медицина","Контентные проекты","да","207","250","00:00:21","0.0","23"
"Инструкции и отзывы к лекарственным препаратам","instrukciya-otzyvy.ru","Медицина->Лекарства и медицинские товары, Торговля->Лекарства и медицинские товары, Медицина, Торговля","Контентные проекты","да","207","250","00:01:08","0.0","23"
"Moneytimes.Ru: Интернет-журнал о финансах","moneytimes.ru","Финансы->Финансовые новости, Новости и СМИ->Финансовые новости, Новости и СМИ, Финансы","Новости","да","207","250","00:00:56","0.0","32"
"«Новый Калининград.ru» — городской портал","newkaliningrad.ru","Новости и СМИ->Деловые новости, Бизнес, Новости и СМИ, Бизнес->Деловые новости","Новости","да","207","350","00:02:36","0.0","23"
"Доска объявлений России ПК01 - бесплатные объявления...","pc01.ru","Справочные ресурсы","Агрегаторы","да","207","300","00:05:05","0.0","50"
"«Goodwill» — автоматизация бизнеса","programmist1s.ru","Торговля","Представительства бизнесов и организаций","да","207","300","00:03:38","0.0","23"
"«Маяк» — радиовещательная компания","radiomayak.ru","Новости и СМИ","Новости","да","207","250","00:01:54","0.0","32"
"Росработа — работа в Москве и области","rosrabota.ru","Работа и карьера, Работа и карьера->Вакансии и резюме","Агрегаторы","да","207","350","00:06:35","0.0","27"
"Тамбов — телерадиокомпания","vestitambov.ru","Новости и СМИ->Деловые новости, Бизнес, Новости и СМИ, Бизнес->Деловые новости","Новости","да","207","300","00:01:33","0.0","32"
"Сайт знакомств ""Знакомства.Ру"" - бесплатные онлайн...","znakomstva.ru","Для взрослых (18+)->Знакомства 18+, Для взрослых (18+)","Социальные сети","да","207","250","00:06:24","0.0","32"
"Рамблер. Знакомства","dating.rambler.ru","Для взрослых (18+)->Знакомства 18+, Для взрослых (18+)","Социальные сети","да","166","200","00:23:55","0.0","18"
"Drivenn.ru — автомобили в Нижнем Новгороде","drivenn.ru","Авто и мото, Авто и мото->Продажа автомобилей и мотоциклов, Торговля->Продажа автомобилей и мотоциклов, Торговля","Агрегаторы","да","166","200","00:00:25","0.0","18"
"Стройпортал Mainavi","mainavi.ru","Строительство и ремонт->Советы и рекомендации по строительству, Строительство и ремонт","Контентные проекты","да","166","250","00:00:26","0.0","23"
"НГС.Омск — городской портал","ngs55.ru","Новости и СМИ->Деловые новости, Бизнес, Новости и СМИ, Бизнес->Деловые новости","Новости","да","166","200","00:00:17","0.0","18"
"Российские аналоги импортных лекарств","rusanalogi.ru","Медицина->Лекарства и медицинские товары, Торговля->Лекарства и медицинские товары, Медицина, Торговля","Контентные проекты","да","166","200","00:03:42","0.0","18"
"Здоровые сосуды, лечение и профилактика","sosud-ok.ru","Медицина->Медицинские услуги, Услуги->Медицинские услуги, Услуги, Медицина","Контентные проекты","да","166","200","00:02:08","0.0","18"
"Рамблер.Топ100 — счётчик","top100.rambler.ru","","Агрегаторы","да","166","250","00:09:02","0.0","27"
"Меню на каждый праздник. Что приготовить на день...","every-holiday.ru","Домашнее хозяйство->Кулинария и рецепты, Домашнее хозяйство","Контентные проекты","да","124","150","00:00:26","0.0","13"
"Панорамы, поиск по изображениям... — Рамблер/картинки","images.rambler.ru","Культура и искусство","Сервисы","да","124","150","00:00:27","0.0","13"
"Вязание крючком и спицами: схемы, мастер-классы, видео","verena.ru","Здоровье, красота, стиль","Контентные проекты","да","124","150","00:00:30","0.0","23"
"В городе N — портал Нижнего Новгорода","vgoroden.ru","Новости и СМИ, Новости и СМИ->Газеты, журналы","Новости","да","124","150","00:00:20","0.0","13"
"Сайт Оренбурга 1743 - новости твоего города","1743.ru","Новости и СМИ->Деловые новости, Бизнес, Новости и СМИ, Бизнес->Деловые новости","Новости","да","83","100","00:12:35","0.0","9"
"ДачаДекор: Ландшафтный дизайн дачного участка своими...","dachadecor.ru","Домашнее хозяйство->Сад и огород, Домашнее хозяйство","Контентные проекты","да","83","100","00:00:33","0.0","9"
"ELLE Decoration - Дизайн интерьера квартир: гостиной...","elledecoration.ru","Строительство и ремонт->Дизайн интерьера, Строительство и ремонт","Контентные проекты","да","83","100","00:01:51","0.0","9"
"Недвижимость Нижнего Новгорода, недвижимость...","gipernn.ru","Недвижимость, Недвижимость->Жилая недвижимость","Агрегаторы","да","83","100","00:07:13","0.0","9"
"Огород без хлопот. Советы садоводам и огородникам","ogorod-bez-hlopot.ru","Домашнее хозяйство->Сад и огород, Домашнее хозяйство","Контентные проекты","да","83","100","00:01:21","0.0","9"
"«PassionForum.ru» — сообщество рукодельниц","passionforum.ru","Развлечения и отдых, Развлечения и отдых->Хобби","Сообщества","да","83","100","00:00:24","0.0","9"
"«Работа66» — работа в Екатеринбурге и области","rabota66.ru","Работа и карьера, Работа и карьера->Вакансии и резюме","Агрегаторы","да","83","100","00:00:15","0.0","9"
"Salon-interior — журнал по дизайну интерьера","salon.ru","Строительство и ремонт->Дизайн интерьера, Строительство и ремонт","Контентные проекты","да","83","150","00:00:35","0.0","9"
"Недвижимость в России","mlsn.ru","Недвижимость, Недвижимость->Жилая недвижимость","Агрегаторы","да","50","50","00:00:05","0.0","5"
"N1.Недвижимость","n1.ru","Недвижимость, Недвижимость->Жилая недвижимость","Агрегаторы","да","50","50","00:00:28","0.0","5"
"Все о рынке 3D печати на 3DList.ru Россия.","3dlist.ru","","Контентные проекты","да","41","50","00:00:06","0.0","4"
"Все о детях от рождения до школы: интернет-портал для...","kids365.ru","Семья и дети, Семья и дети->Развитие и воспитание детей","Контентные проекты","да","41","50","00:00:24","0.0","4"
